<?xml version="1.0" encoding="UTF-8"?><idempiere Name="WS_WebServiceType" Version="1.0.0" idempiereVersion="7.1.0.202006011457" DataBaseVersion="2019-11-22" Description="" Author="SuperUser" AuthorEmail="superuser @ idempiere.com" CreatedDate="Tue Jun 02 13:20:14 CEST 2020" UpdatedDate="Tue Jun 02 13:20:14 CEST 2020" PackOutVersion="100" UpdateDictionary="true" Client="11-GardenWorld-GardenWorld" AD_Client_UU="3268b9a8-10d8-466d-96e5-aa01166408fa">
    <WS_WebServiceType type="table">
        <AD_Org_ID>0</AD_Org_ID>
        <Description/>
        <Help/>
        <IsActive>Y</IsActive>
        <Name>QueryInvoice</Name>
        <Value>QueryInvoice</Value>
        <WS_WebService_ID reference="id">50001</WS_WebService_ID>
        <WS_WebServiceMethod_ID reference="id">50028</WS_WebServiceMethod_ID>
        <AD_Table_ID reference="id">318</AD_Table_ID>
        <WS_WebServiceType_UU>ea80221e-b9eb-4f7c-aa59-b10f24d20aa9</WS_WebServiceType_UU>
        <WS_WebService_Para type="table">
            <AD_Org_ID>0</AD_Org_ID>
            <WS_WebServiceType_ID reference="uuid" reference-key="WS_WebServiceType">ea80221e-b9eb-4f7c-aa59-b10f24d20aa9</WS_WebServiceType_ID>
            <IsActive>Y</IsActive>
            <ParameterName>RecordID</ParameterName>
            <ParameterType>F</ParameterType>
            <ConstantValue/>
            <WS_WebService_Para_UU>c40f91f2-af2f-4006-a25f-050fd2cfc95a</WS_WebService_Para_UU>
        </WS_WebService_Para>
        <WS_WebService_Para type="table">
            <AD_Org_ID>0</AD_Org_ID>
            <WS_WebServiceType_ID reference="uuid" reference-key="WS_WebServiceType">ea80221e-b9eb-4f7c-aa59-b10f24d20aa9</WS_WebServiceType_ID>
            <IsActive>Y</IsActive>
            <ParameterName>Action</ParameterName>
            <ParameterType>C</ParameterType>
            <ConstantValue>Read</ConstantValue>
            <WS_WebService_Para_UU>db6098fe-bb5a-4cd9-972a-2ab2526b8fb3</WS_WebService_Para_UU>
        </WS_WebService_Para>
        <WS_WebService_Para type="table">
            <AD_Org_ID>0</AD_Org_ID>
            <WS_WebServiceType_ID reference="uuid" reference-key="WS_WebServiceType">ea80221e-b9eb-4f7c-aa59-b10f24d20aa9</WS_WebServiceType_ID>
            <IsActive>Y</IsActive>
            <ParameterName>Filter</ParameterName>
            <ParameterType>C</ParameterType>
            <ConstantValue>DocStatus='CO'</ConstantValue>
            <WS_WebService_Para_UU>73584a63-97b2-4a50-b4b5-7acb13d5d1c1</WS_WebService_Para_UU>
        </WS_WebService_Para>
        <WS_WebService_Para type="table">
            <AD_Org_ID>0</AD_Org_ID>
            <WS_WebServiceType_ID reference="uuid" reference-key="WS_WebServiceType">ea80221e-b9eb-4f7c-aa59-b10f24d20aa9</WS_WebServiceType_ID>
            <IsActive>Y</IsActive>
            <ParameterName>TableName</ParameterName>
            <ParameterType>C</ParameterType>
            <ConstantValue>C_Invoice</ConstantValue>
            <WS_WebService_Para_UU>c4605d3f-bf5e-4e0a-8348-2527657f77b4</WS_WebService_Para_UU>
        </WS_WebService_Para>
        <WS_WebServiceFieldInput type="table">
            <AD_Org_ID>0</AD_Org_ID>
            <WS_WebServiceType_ID reference="uuid" reference-key="WS_WebServiceType">ea80221e-b9eb-4f7c-aa59-b10f24d20aa9</WS_WebServiceType_ID>
            <IsActive>Y</IsActive>
            <AD_Column_ID reference="id">3499</AD_Column_ID>
            <AD_Reference_ID reference="id"/>
            <ColumnName/>
            <IdentifierLogic/>
            <IsIdentifier>N</IsIdentifier>
            <IsNullIdentifier>N</IsNullIdentifier>
            <WS_WebServiceFieldInput_UU>06e0f380-9b10-4bb6-b9fd-dfe4e5a0d155</WS_WebServiceFieldInput_UU>
            <AD_Reference_Value_ID reference="id"/>
        </WS_WebServiceFieldInput>
        <WS_WebServiceFieldOutput type="table">
            <AD_Org_ID>0</AD_Org_ID>
            <AD_Column_ID reference="id">3492</AD_Column_ID>
            <IsActive>Y</IsActive>
            <WS_WebServiceType_ID reference="uuid" reference-key="WS_WebServiceType">ea80221e-b9eb-4f7c-aa59-b10f24d20aa9</WS_WebServiceType_ID>
            <WS_WebServiceFieldOutput_UU>6cb0f379-fdec-41a7-a47b-5181d8aa3a1f</WS_WebServiceFieldOutput_UU>
        </WS_WebServiceFieldOutput>
        <WS_WebServiceFieldOutput type="table">
            <AD_Org_ID>0</AD_Org_ID>
            <AD_Column_ID reference="id">3783</AD_Column_ID>
            <IsActive>Y</IsActive>
            <WS_WebServiceType_ID reference="uuid" reference-key="WS_WebServiceType">ea80221e-b9eb-4f7c-aa59-b10f24d20aa9</WS_WebServiceType_ID>
            <WS_WebServiceFieldOutput_UU>c4096686-fb0e-45a6-9e7c-4c2a6892c19c</WS_WebServiceFieldOutput_UU>
        </WS_WebServiceFieldOutput>
        <WS_WebServiceFieldOutput type="table">
            <AD_Org_ID>0</AD_Org_ID>
            <AD_Column_ID reference="id">3507</AD_Column_ID>
            <IsActive>Y</IsActive>
            <WS_WebServiceType_ID reference="uuid" reference-key="WS_WebServiceType">ea80221e-b9eb-4f7c-aa59-b10f24d20aa9</WS_WebServiceType_ID>
            <WS_WebServiceFieldOutput_UU>1d74c87d-3b7f-4707-8bf8-6cc069d39a5a</WS_WebServiceFieldOutput_UU>
        </WS_WebServiceFieldOutput>
        <WS_WebServiceFieldOutput type="table">
            <AD_Org_ID>0</AD_Org_ID>
            <AD_Column_ID reference="id">5025</AD_Column_ID>
            <IsActive>Y</IsActive>
            <WS_WebServiceType_ID reference="uuid" reference-key="WS_WebServiceType">ea80221e-b9eb-4f7c-aa59-b10f24d20aa9</WS_WebServiceType_ID>
            <WS_WebServiceFieldOutput_UU>d616542f-1697-43b9-bbc0-4c127376441a</WS_WebServiceFieldOutput_UU>
        </WS_WebServiceFieldOutput>
        <WS_WebServiceFieldOutput type="table">
            <AD_Org_ID>0</AD_Org_ID>
            <AD_Column_ID reference="id">3484</AD_Column_ID>
            <IsActive>Y</IsActive>
            <WS_WebServiceType_ID reference="uuid" reference-key="WS_WebServiceType">ea80221e-b9eb-4f7c-aa59-b10f24d20aa9</WS_WebServiceType_ID>
            <WS_WebServiceFieldOutput_UU>7f139045-36fd-48be-8882-6b34ec9b37fa</WS_WebServiceFieldOutput_UU>
        </WS_WebServiceFieldOutput>
        <WS_WebServiceFieldOutput type="table">
            <AD_Org_ID>0</AD_Org_ID>
            <AD_Column_ID reference="id">3505</AD_Column_ID>
            <IsActive>Y</IsActive>
            <WS_WebServiceType_ID reference="uuid" reference-key="WS_WebServiceType">ea80221e-b9eb-4f7c-aa59-b10f24d20aa9</WS_WebServiceType_ID>
            <WS_WebServiceFieldOutput_UU>44701d74-b794-417a-96d1-73a7169cd399</WS_WebServiceFieldOutput_UU>
        </WS_WebServiceFieldOutput>
        <WS_WebServiceFieldOutput type="table">
            <AD_Org_ID>0</AD_Org_ID>
            <AD_Column_ID reference="id">3499</AD_Column_ID>
            <IsActive>Y</IsActive>
            <WS_WebServiceType_ID reference="uuid" reference-key="WS_WebServiceType">ea80221e-b9eb-4f7c-aa59-b10f24d20aa9</WS_WebServiceType_ID>
            <WS_WebServiceFieldOutput_UU>653f8d47-144a-4a80-a8a9-8e06d067bf0d</WS_WebServiceFieldOutput_UU>
        </WS_WebServiceFieldOutput>
        <WS_WebServiceTypeAccess type="table">
            <AD_Org_ID>0</AD_Org_ID>
            <AD_Role_ID reference="id">50004</AD_Role_ID>
            <WS_WebServiceType_ID reference="uuid" reference-key="WS_WebServiceType">ea80221e-b9eb-4f7c-aa59-b10f24d20aa9</WS_WebServiceType_ID>
            <IsActive>Y</IsActive>
            <IsReadWrite>Y</IsReadWrite>
            <WS_WebServiceTypeAccess_UU>0dcc0494-15fe-4311-92ef-6d9dfca0368e</WS_WebServiceTypeAccess_UU>
        </WS_WebServiceTypeAccess>
        <WS_WebServiceTypeAccess type="table">
            <AD_Org_ID>0</AD_Org_ID>
            <AD_Role_ID reference="id">102</AD_Role_ID>
            <WS_WebServiceType_ID reference="uuid" reference-key="WS_WebServiceType">ea80221e-b9eb-4f7c-aa59-b10f24d20aa9</WS_WebServiceType_ID>
            <IsActive>Y</IsActive>
            <IsReadWrite>Y</IsReadWrite>
            <WS_WebServiceTypeAccess_UU>8eeaee0d-ae20-4121-a658-0bb6e9c839bb</WS_WebServiceTypeAccess_UU>
        </WS_WebServiceTypeAccess>
    </WS_WebServiceType>
    <WS_WebServiceType type="table">
        <AD_Org_ID>0</AD_Org_ID>
        <Description/>
        <Help/>
        <IsActive>Y</IsActive>
        <Name>QueryPayment</Name>
        <Value>QueryPayment</Value>
        <WS_WebService_ID reference="id">50001</WS_WebService_ID>
        <WS_WebServiceMethod_ID reference="id">50028</WS_WebServiceMethod_ID>
        <AD_Table_ID reference="id">335</AD_Table_ID>
        <WS_WebServiceType_UU>72ffc78b-e1f2-4fd4-aff6-e4033c4cd228</WS_WebServiceType_UU>
        <WS_WebService_Para type="table">
            <AD_Org_ID>0</AD_Org_ID>
            <WS_WebServiceType_ID reference="uuid" reference-key="WS_WebServiceType">72ffc78b-e1f2-4fd4-aff6-e4033c4cd228</WS_WebServiceType_ID>
            <IsActive>Y</IsActive>
            <ParameterName>TableName</ParameterName>
            <ParameterType>C</ParameterType>
            <ConstantValue>C_Payment</ConstantValue>
            <WS_WebService_Para_UU>3415708c-f3d8-48a2-b1f9-8143efbd9e84</WS_WebService_Para_UU>
        </WS_WebService_Para>
        <WS_WebService_Para type="table">
            <AD_Org_ID>0</AD_Org_ID>
            <WS_WebServiceType_ID reference="uuid" reference-key="WS_WebServiceType">72ffc78b-e1f2-4fd4-aff6-e4033c4cd228</WS_WebServiceType_ID>
            <IsActive>Y</IsActive>
            <ParameterName>RecordID</ParameterName>
            <ParameterType>F</ParameterType>
            <ConstantValue/>
            <WS_WebService_Para_UU>cfb05ffc-131a-4d50-b8d7-1d9dc3ade0e7</WS_WebService_Para_UU>
        </WS_WebService_Para>
        <WS_WebService_Para type="table">
            <AD_Org_ID>0</AD_Org_ID>
            <WS_WebServiceType_ID reference="uuid" reference-key="WS_WebServiceType">72ffc78b-e1f2-4fd4-aff6-e4033c4cd228</WS_WebServiceType_ID>
            <IsActive>Y</IsActive>
            <ParameterName>Action</ParameterName>
            <ParameterType>C</ParameterType>
            <ConstantValue>Read</ConstantValue>
            <WS_WebService_Para_UU>5fb36bd5-788f-4ec8-ad6c-d77fb6b5b990</WS_WebService_Para_UU>
        </WS_WebService_Para>
        <WS_WebService_Para type="table">
            <AD_Org_ID>0</AD_Org_ID>
            <WS_WebServiceType_ID reference="uuid" reference-key="WS_WebServiceType">72ffc78b-e1f2-4fd4-aff6-e4033c4cd228</WS_WebServiceType_ID>
            <IsActive>Y</IsActive>
            <ParameterName>Filter</ParameterName>
            <ParameterType>C</ParameterType>
            <ConstantValue>DocStatus='DR'</ConstantValue>
            <WS_WebService_Para_UU>bcdbcbf0-a907-47eb-aba5-91b0ae950dbc</WS_WebService_Para_UU>
        </WS_WebService_Para>
        <WS_WebServiceFieldInput type="table">
            <AD_Org_ID>0</AD_Org_ID>
            <WS_WebServiceType_ID reference="uuid" reference-key="WS_WebServiceType">72ffc78b-e1f2-4fd4-aff6-e4033c4cd228</WS_WebServiceType_ID>
            <IsActive>Y</IsActive>
            <AD_Column_ID reference="id">5398</AD_Column_ID>
            <AD_Reference_ID reference="id"/>
            <ColumnName/>
            <IdentifierLogic/>
            <IsIdentifier>N</IsIdentifier>
            <IsNullIdentifier>N</IsNullIdentifier>
            <WS_WebServiceFieldInput_UU>65a6741f-35c7-424d-a099-fcc6138ba6f7</WS_WebServiceFieldInput_UU>
            <AD_Reference_Value_ID reference="id"/>
        </WS_WebServiceFieldInput>
        <WS_WebServiceFieldOutput type="table">
            <AD_Org_ID>0</AD_Org_ID>
            <AD_Column_ID reference="id">5401</AD_Column_ID>
            <IsActive>Y</IsActive>
            <WS_WebServiceType_ID reference="uuid" reference-key="WS_WebServiceType">72ffc78b-e1f2-4fd4-aff6-e4033c4cd228</WS_WebServiceType_ID>
            <WS_WebServiceFieldOutput_UU>8a9297ee-4adb-46bc-afe9-cc7666d408d3</WS_WebServiceFieldOutput_UU>
        </WS_WebServiceFieldOutput>
        <WS_WebServiceFieldOutput type="table">
            <AD_Org_ID>0</AD_Org_ID>
            <AD_Column_ID reference="id">5303</AD_Column_ID>
            <IsActive>Y</IsActive>
            <WS_WebServiceType_ID reference="uuid" reference-key="WS_WebServiceType">72ffc78b-e1f2-4fd4-aff6-e4033c4cd228</WS_WebServiceType_ID>
            <WS_WebServiceFieldOutput_UU>25189919-cdcf-415f-9be0-013f45c8759d</WS_WebServiceFieldOutput_UU>
        </WS_WebServiceFieldOutput>
        <WS_WebServiceFieldOutput type="table">
            <AD_Org_ID>0</AD_Org_ID>
            <AD_Column_ID reference="id">5400</AD_Column_ID>
            <IsActive>Y</IsActive>
            <WS_WebServiceType_ID reference="uuid" reference-key="WS_WebServiceType">72ffc78b-e1f2-4fd4-aff6-e4033c4cd228</WS_WebServiceType_ID>
            <WS_WebServiceFieldOutput_UU>4a832a2a-9b4a-4b41-9a6f-8bbd20442ff4</WS_WebServiceFieldOutput_UU>
        </WS_WebServiceFieldOutput>
        <WS_WebServiceFieldOutput type="table">
            <AD_Org_ID>0</AD_Org_ID>
            <AD_Column_ID reference="id">5299</AD_Column_ID>
            <IsActive>Y</IsActive>
            <WS_WebServiceType_ID reference="uuid" reference-key="WS_WebServiceType">72ffc78b-e1f2-4fd4-aff6-e4033c4cd228</WS_WebServiceType_ID>
            <WS_WebServiceFieldOutput_UU>c944e399-16b2-4a4a-ba91-de736441164a</WS_WebServiceFieldOutput_UU>
        </WS_WebServiceFieldOutput>
        <WS_WebServiceFieldOutput type="table">
            <AD_Org_ID>0</AD_Org_ID>
            <AD_Column_ID reference="id">3865</AD_Column_ID>
            <IsActive>Y</IsActive>
            <WS_WebServiceType_ID reference="uuid" reference-key="WS_WebServiceType">72ffc78b-e1f2-4fd4-aff6-e4033c4cd228</WS_WebServiceType_ID>
            <WS_WebServiceFieldOutput_UU>d2d96f2e-50ee-4bba-b17e-fa1e3a4699a6</WS_WebServiceFieldOutput_UU>
        </WS_WebServiceFieldOutput>
        <WS_WebServiceFieldOutput type="table">
            <AD_Org_ID>0</AD_Org_ID>
            <AD_Column_ID reference="id">5399</AD_Column_ID>
            <IsActive>Y</IsActive>
            <WS_WebServiceType_ID reference="uuid" reference-key="WS_WebServiceType">72ffc78b-e1f2-4fd4-aff6-e4033c4cd228</WS_WebServiceType_ID>
            <WS_WebServiceFieldOutput_UU>e59c025c-e34b-4a5f-ad46-e61f0947a073</WS_WebServiceFieldOutput_UU>
        </WS_WebServiceFieldOutput>
        <WS_WebServiceFieldOutput type="table">
            <AD_Org_ID>0</AD_Org_ID>
            <AD_Column_ID reference="id">5355</AD_Column_ID>
            <IsActive>Y</IsActive>
            <WS_WebServiceType_ID reference="uuid" reference-key="WS_WebServiceType">72ffc78b-e1f2-4fd4-aff6-e4033c4cd228</WS_WebServiceType_ID>
            <WS_WebServiceFieldOutput_UU>9ec25f89-7b4b-4074-93ce-f511cad2d980</WS_WebServiceFieldOutput_UU>
        </WS_WebServiceFieldOutput>
        <WS_WebServiceFieldOutput type="table">
            <AD_Org_ID>0</AD_Org_ID>
            <AD_Column_ID reference="id">5046</AD_Column_ID>
            <IsActive>Y</IsActive>
            <WS_WebServiceType_ID reference="uuid" reference-key="WS_WebServiceType">72ffc78b-e1f2-4fd4-aff6-e4033c4cd228</WS_WebServiceType_ID>
            <WS_WebServiceFieldOutput_UU>fa8f3abc-82b6-491d-b825-29567639ca3b</WS_WebServiceFieldOutput_UU>
        </WS_WebServiceFieldOutput>
        <WS_WebServiceTypeAccess type="table">
            <AD_Org_ID>0</AD_Org_ID>
            <AD_Role_ID reference="id">102</AD_Role_ID>
            <WS_WebServiceType_ID reference="uuid" reference-key="WS_WebServiceType">72ffc78b-e1f2-4fd4-aff6-e4033c4cd228</WS_WebServiceType_ID>
            <IsActive>Y</IsActive>
            <IsReadWrite>Y</IsReadWrite>
            <WS_WebServiceTypeAccess_UU>fb7b7936-a85d-46f2-840a-4f0797410043</WS_WebServiceTypeAccess_UU>
        </WS_WebServiceTypeAccess>
        <WS_WebServiceTypeAccess type="table">
            <AD_Org_ID>0</AD_Org_ID>
            <AD_Role_ID reference="id">50004</AD_Role_ID>
            <WS_WebServiceType_ID reference="uuid" reference-key="WS_WebServiceType">72ffc78b-e1f2-4fd4-aff6-e4033c4cd228</WS_WebServiceType_ID>
            <IsActive>Y</IsActive>
            <IsReadWrite>Y</IsReadWrite>
            <WS_WebServiceTypeAccess_UU>bc49380f-5195-4950-aa84-1fa9954f5a69</WS_WebServiceTypeAccess_UU>
        </WS_WebServiceTypeAccess>
    </WS_WebServiceType>
    <WS_WebServiceType type="table">
        <AD_Org_ID>0</AD_Org_ID>
        <Description/>
        <Help/>
        <IsActive>Y</IsActive>
        <Name>CreatePayment</Name>
        <Value>CreatePayment</Value>
        <WS_WebService_ID reference="id">50001</WS_WebService_ID>
        <WS_WebServiceMethod_ID reference="id">50024</WS_WebServiceMethod_ID>
        <AD_Table_ID reference="id">335</AD_Table_ID>
        <WS_WebServiceType_UU>f836f11c-2791-41e9-b019-b392bb5333c2</WS_WebServiceType_UU>
        <WS_WebService_Para type="table">
            <AD_Org_ID>0</AD_Org_ID>
            <WS_WebServiceType_ID reference="uuid" reference-key="WS_WebServiceType">f836f11c-2791-41e9-b019-b392bb5333c2</WS_WebServiceType_ID>
            <IsActive>Y</IsActive>
            <ParameterName>Action</ParameterName>
            <ParameterType>C</ParameterType>
            <ConstantValue>Create</ConstantValue>
            <WS_WebService_Para_UU>4f3fd90c-bff5-4c97-b5cf-7224b30f7710</WS_WebService_Para_UU>
        </WS_WebService_Para>
        <WS_WebService_Para type="table">
            <AD_Org_ID>0</AD_Org_ID>
            <WS_WebServiceType_ID reference="uuid" reference-key="WS_WebServiceType">f836f11c-2791-41e9-b019-b392bb5333c2</WS_WebServiceType_ID>
            <IsActive>Y</IsActive>
            <ParameterName>TableName</ParameterName>
            <ParameterType>C</ParameterType>
            <ConstantValue>C_Payment</ConstantValue>
            <WS_WebService_Para_UU>e1deaae1-f4df-4315-9031-7639a8c841d1</WS_WebService_Para_UU>
        </WS_WebService_Para>
        <WS_WebService_Para type="table">
            <AD_Org_ID>0</AD_Org_ID>
            <WS_WebServiceType_ID reference="uuid" reference-key="WS_WebServiceType">f836f11c-2791-41e9-b019-b392bb5333c2</WS_WebServiceType_ID>
            <IsActive>Y</IsActive>
            <ParameterName>RecordID</ParameterName>
            <ParameterType>F</ParameterType>
            <ConstantValue/>
            <WS_WebService_Para_UU>962b89ac-c458-4a52-aba1-ddc4c7983018</WS_WebService_Para_UU>
        </WS_WebService_Para>
        <WS_WebServiceFieldInput type="table">
            <AD_Org_ID>0</AD_Org_ID>
            <WS_WebServiceType_ID reference="uuid" reference-key="WS_WebServiceType">f836f11c-2791-41e9-b019-b392bb5333c2</WS_WebServiceType_ID>
            <IsActive>Y</IsActive>
            <AD_Column_ID reference="id">5355</AD_Column_ID>
            <AD_Reference_ID reference="id"/>
            <ColumnName/>
            <IdentifierLogic/>
            <IsIdentifier>N</IsIdentifier>
            <IsNullIdentifier>N</IsNullIdentifier>
            <WS_WebServiceFieldInput_UU>fad81f62-d5d1-4500-af7c-6149c998a0cf</WS_WebServiceFieldInput_UU>
            <AD_Reference_Value_ID reference="id"/>
        </WS_WebServiceFieldInput>
        <WS_WebServiceFieldInput type="table">
            <AD_Org_ID>0</AD_Org_ID>
            <WS_WebServiceType_ID reference="uuid" reference-key="WS_WebServiceType">f836f11c-2791-41e9-b019-b392bb5333c2</WS_WebServiceType_ID>
            <IsActive>Y</IsActive>
            <AD_Column_ID reference="id">5398</AD_Column_ID>
            <AD_Reference_ID reference="id"/>
            <ColumnName/>
            <IdentifierLogic/>
            <IsIdentifier>N</IsIdentifier>
            <IsNullIdentifier>N</IsNullIdentifier>
            <WS_WebServiceFieldInput_UU>69c70d01-5582-45ef-bfc7-13d2457719ec</WS_WebServiceFieldInput_UU>
            <AD_Reference_Value_ID reference="id"/>
        </WS_WebServiceFieldInput>
        <WS_WebServiceFieldInput type="table">
            <AD_Org_ID>0</AD_Org_ID>
            <WS_WebServiceType_ID reference="uuid" reference-key="WS_WebServiceType">f836f11c-2791-41e9-b019-b392bb5333c2</WS_WebServiceType_ID>
            <IsActive>Y</IsActive>
            <AD_Column_ID reference="id">5303</AD_Column_ID>
            <AD_Reference_ID reference="id"/>
            <ColumnName/>
            <IdentifierLogic/>
            <IsIdentifier>N</IsIdentifier>
            <IsNullIdentifier>N</IsNullIdentifier>
            <WS_WebServiceFieldInput_UU>2b046f1c-a7e7-4ec2-84d2-e5c16c35a813</WS_WebServiceFieldInput_UU>
            <AD_Reference_Value_ID reference="id"/>
        </WS_WebServiceFieldInput>
        <WS_WebServiceFieldInput type="table">
            <AD_Org_ID>0</AD_Org_ID>
            <WS_WebServiceType_ID reference="uuid" reference-key="WS_WebServiceType">f836f11c-2791-41e9-b019-b392bb5333c2</WS_WebServiceType_ID>
            <IsActive>Y</IsActive>
            <AD_Column_ID reference="id">5302</AD_Column_ID>
            <AD_Reference_ID reference="id"/>
            <ColumnName/>
            <IdentifierLogic/>
            <IsIdentifier>N</IsIdentifier>
            <IsNullIdentifier>N</IsNullIdentifier>
            <WS_WebServiceFieldInput_UU>0c0ab0b6-b6e5-415f-9c4d-dc7c689b435e</WS_WebServiceFieldInput_UU>
            <AD_Reference_Value_ID reference="id"/>
        </WS_WebServiceFieldInput>
        <WS_WebServiceFieldInput type="table">
            <AD_Org_ID>0</AD_Org_ID>
            <WS_WebServiceType_ID reference="uuid" reference-key="WS_WebServiceType">f836f11c-2791-41e9-b019-b392bb5333c2</WS_WebServiceType_ID>
            <IsActive>Y</IsActive>
            <AD_Column_ID reference="id">5399</AD_Column_ID>
            <AD_Reference_ID reference="id"/>
            <ColumnName/>
            <IdentifierLogic/>
            <IsIdentifier>N</IsIdentifier>
            <IsNullIdentifier>N</IsNullIdentifier>
            <WS_WebServiceFieldInput_UU>5fff830f-b209-4332-95cf-b9bd906c79cd</WS_WebServiceFieldInput_UU>
            <AD_Reference_Value_ID reference="id"/>
        </WS_WebServiceFieldInput>
        <WS_WebServiceFieldInput type="table">
            <AD_Org_ID>0</AD_Org_ID>
            <WS_WebServiceType_ID reference="uuid" reference-key="WS_WebServiceType">f836f11c-2791-41e9-b019-b392bb5333c2</WS_WebServiceType_ID>
            <IsActive>Y</IsActive>
            <AD_Column_ID reference="id">3880</AD_Column_ID>
            <AD_Reference_ID reference="id"/>
            <ColumnName/>
            <IdentifierLogic/>
            <IsIdentifier>N</IsIdentifier>
            <IsNullIdentifier>N</IsNullIdentifier>
            <WS_WebServiceFieldInput_UU>94101071-2441-4c9a-973d-d7df43155c1d</WS_WebServiceFieldInput_UU>
            <AD_Reference_Value_ID reference="id"/>
        </WS_WebServiceFieldInput>
        <WS_WebServiceFieldInput type="table">
            <AD_Org_ID>0</AD_Org_ID>
            <WS_WebServiceType_ID reference="uuid" reference-key="WS_WebServiceType">f836f11c-2791-41e9-b019-b392bb5333c2</WS_WebServiceType_ID>
            <IsActive>Y</IsActive>
            <AD_Column_ID reference="id">6216</AD_Column_ID>
            <AD_Reference_ID reference="id"/>
            <ColumnName/>
            <IdentifierLogic/>
            <IsIdentifier>N</IsIdentifier>
            <IsNullIdentifier>N</IsNullIdentifier>
            <WS_WebServiceFieldInput_UU>d0bdd09f-ca75-4a9d-8e57-941eb0a1818e</WS_WebServiceFieldInput_UU>
            <AD_Reference_Value_ID reference="id"/>
        </WS_WebServiceFieldInput>
        <WS_WebServiceFieldInput type="table">
            <AD_Org_ID>0</AD_Org_ID>
            <WS_WebServiceType_ID reference="uuid" reference-key="WS_WebServiceType">f836f11c-2791-41e9-b019-b392bb5333c2</WS_WebServiceType_ID>
            <IsActive>Y</IsActive>
            <AD_Column_ID reference="id">5046</AD_Column_ID>
            <AD_Reference_ID reference="id"/>
            <ColumnName/>
            <IdentifierLogic/>
            <IsIdentifier>N</IsIdentifier>
            <IsNullIdentifier>N</IsNullIdentifier>
            <WS_WebServiceFieldInput_UU>5cd43e64-5962-4fd4-a307-101d238d39b2</WS_WebServiceFieldInput_UU>
            <AD_Reference_Value_ID reference="id"/>
        </WS_WebServiceFieldInput>
        <WS_WebServiceFieldInput type="table">
            <AD_Org_ID>0</AD_Org_ID>
            <WS_WebServiceType_ID reference="uuid" reference-key="WS_WebServiceType">f836f11c-2791-41e9-b019-b392bb5333c2</WS_WebServiceType_ID>
            <IsActive>Y</IsActive>
            <AD_Column_ID reference="id">5299</AD_Column_ID>
            <AD_Reference_ID reference="id"/>
            <ColumnName/>
            <IdentifierLogic/>
            <IsIdentifier>N</IsIdentifier>
            <IsNullIdentifier>N</IsNullIdentifier>
            <WS_WebServiceFieldInput_UU>334c1e5e-66b0-4bf7-9276-5d48b8f4e597</WS_WebServiceFieldInput_UU>
            <AD_Reference_Value_ID reference="id"/>
        </WS_WebServiceFieldInput>
        <WS_WebServiceFieldInput type="table">
            <AD_Org_ID>0</AD_Org_ID>
            <WS_WebServiceType_ID reference="uuid" reference-key="WS_WebServiceType">f836f11c-2791-41e9-b019-b392bb5333c2</WS_WebServiceType_ID>
            <IsActive>Y</IsActive>
            <AD_Column_ID reference="id">5401</AD_Column_ID>
            <AD_Reference_ID reference="id"/>
            <ColumnName/>
            <IdentifierLogic/>
            <IsIdentifier>N</IsIdentifier>
            <IsNullIdentifier>N</IsNullIdentifier>
            <WS_WebServiceFieldInput_UU>a0321c1b-1901-48d6-b932-c65ab2280281</WS_WebServiceFieldInput_UU>
            <AD_Reference_Value_ID reference="id"/>
        </WS_WebServiceFieldInput>
        <WS_WebServiceTypeAccess type="table">
            <AD_Org_ID>0</AD_Org_ID>
            <AD_Role_ID reference="id">102</AD_Role_ID>
            <WS_WebServiceType_ID reference="uuid" reference-key="WS_WebServiceType">f836f11c-2791-41e9-b019-b392bb5333c2</WS_WebServiceType_ID>
            <IsActive>Y</IsActive>
            <IsReadWrite>Y</IsReadWrite>
            <WS_WebServiceTypeAccess_UU>fddba690-998e-44cf-8acb-02dae0961d7a</WS_WebServiceTypeAccess_UU>
        </WS_WebServiceTypeAccess>
        <WS_WebServiceTypeAccess type="table">
            <AD_Org_ID>0</AD_Org_ID>
            <AD_Role_ID reference="id">50004</AD_Role_ID>
            <WS_WebServiceType_ID reference="uuid" reference-key="WS_WebServiceType">f836f11c-2791-41e9-b019-b392bb5333c2</WS_WebServiceType_ID>
            <IsActive>Y</IsActive>
            <IsReadWrite>Y</IsReadWrite>
            <WS_WebServiceTypeAccess_UU>2cc8b2c1-c8c0-4781-9066-3130790a420b</WS_WebServiceTypeAccess_UU>
        </WS_WebServiceTypeAccess>
    </WS_WebServiceType>
    <WS_WebServiceType type="table">
        <AD_Org_ID>0</AD_Org_ID>
        <Description/>
        <Help/>
        <IsActive>Y</IsActive>
        <WS_WebServiceType_ID>200005</WS_WebServiceType_ID>
        <Name>QueryBPartner</Name>
        <Value>QueryBPartner</Value>
        <WS_WebService_ID reference="id">50001</WS_WebService_ID>
        <WS_WebServiceMethod_ID reference="id">50028</WS_WebServiceMethod_ID>
        <AD_Table_ID reference="id">291</AD_Table_ID>
        <WS_WebServiceType_UU>d661d17c-8931-4b55-baf5-5fd92eb9325c</WS_WebServiceType_UU>
        <WS_WebService_Para type="table">
            <AD_Org_ID>0</AD_Org_ID>
            <WS_WebServiceType_ID reference="id">200005</WS_WebServiceType_ID>
            <WS_WebService_Para_ID>200024</WS_WebService_Para_ID>
            <IsActive>Y</IsActive>
            <ParameterName>TableName</ParameterName>
            <ParameterType>C</ParameterType>
            <ConstantValue>C_BPartner</ConstantValue>
            <WS_WebService_Para_UU>9a4f309e-def5-46ac-8dbd-7609df6ecfd6</WS_WebService_Para_UU>
        </WS_WebService_Para>
        <WS_WebService_Para type="table">
            <AD_Org_ID>0</AD_Org_ID>
            <WS_WebServiceType_ID reference="id">200005</WS_WebServiceType_ID>
            <WS_WebService_Para_ID>200025</WS_WebService_Para_ID>
            <IsActive>Y</IsActive>
            <ParameterName>RecordID</ParameterName>
            <ParameterType>F</ParameterType>
            <ConstantValue/>
            <WS_WebService_Para_UU>dc07fe13-821f-4cb6-8cf3-10a88f29943a</WS_WebService_Para_UU>
        </WS_WebService_Para>
        <WS_WebService_Para type="table">
            <AD_Org_ID>0</AD_Org_ID>
            <WS_WebServiceType_ID reference="id">200005</WS_WebServiceType_ID>
            <WS_WebService_Para_ID>200026</WS_WebService_Para_ID>
            <IsActive>Y</IsActive>
            <ParameterName>Action</ParameterName>
            <ParameterType>C</ParameterType>
            <ConstantValue>Read</ConstantValue>
            <WS_WebService_Para_UU>b51ca32b-3e9a-45b8-8c61-ab189d14a4fd</WS_WebService_Para_UU>
        </WS_WebService_Para>
        <WS_WebService_Para type="table">
            <AD_Org_ID>0</AD_Org_ID>
            <WS_WebServiceType_ID reference="id">200005</WS_WebServiceType_ID>
            <WS_WebService_Para_ID>200027</WS_WebService_Para_ID>
            <IsActive>Y</IsActive>
            <ParameterName>Filter</ParameterName>
            <ParameterType>C</ParameterType>
            <ConstantValue>IsCustomer='Y'</ConstantValue>
            <WS_WebService_Para_UU>c579fa54-02a3-436f-b7fe-44fb5e0d7782</WS_WebService_Para_UU>
        </WS_WebService_Para>
        <WS_WebServiceFieldInput type="table">
            <AD_Org_ID>0</AD_Org_ID>
            <WS_WebServiceType_ID reference="id">200005</WS_WebServiceType_ID>
            <WS_WebServiceFieldInput_ID>200002</WS_WebServiceFieldInput_ID>
            <IsActive>Y</IsActive>
            <AD_Column_ID reference="id">4940</AD_Column_ID>
            <AD_Reference_ID reference="id">19</AD_Reference_ID>
            <ColumnName/>
            <IdentifierLogic/>
            <IsIdentifier>N</IsIdentifier>
            <IsNullIdentifier>N</IsNullIdentifier>
            <WS_WebServiceFieldInput_UU>418a7a37-9802-4fb0-aec4-620040e4b197</WS_WebServiceFieldInput_UU>
            <AD_Reference_Value_ID reference="id"/>
        </WS_WebServiceFieldInput>
        <WS_WebServiceFieldOutput type="table">
            <AD_Org_ID>0</AD_Org_ID>
            <AD_Column_ID reference="id">2901</AD_Column_ID>
            <IsActive>Y</IsActive>
            <WS_WebServiceFieldOutput_ID>200023</WS_WebServiceFieldOutput_ID>
            <WS_WebServiceType_ID reference="id">200005</WS_WebServiceType_ID>
            <WS_WebServiceFieldOutput_UU>2c46a214-6199-419e-bd77-35dd3ecddd65</WS_WebServiceFieldOutput_UU>
        </WS_WebServiceFieldOutput>
        <WS_WebServiceFieldOutput type="table">
            <AD_Org_ID>0</AD_Org_ID>
            <AD_Column_ID reference="id">2902</AD_Column_ID>
            <IsActive>Y</IsActive>
            <WS_WebServiceFieldOutput_ID>200024</WS_WebServiceFieldOutput_ID>
            <WS_WebServiceType_ID reference="id">200005</WS_WebServiceType_ID>
            <WS_WebServiceFieldOutput_UU>df758306-5e1c-4385-9d44-0b8e806a7304</WS_WebServiceFieldOutput_UU>
        </WS_WebServiceFieldOutput>
        <WS_WebServiceFieldOutput type="table">
            <AD_Org_ID>0</AD_Org_ID>
            <AD_Column_ID reference="id">2909</AD_Column_ID>
            <IsActive>Y</IsActive>
            <WS_WebServiceFieldOutput_ID>200025</WS_WebServiceFieldOutput_ID>
            <WS_WebServiceType_ID reference="id">200005</WS_WebServiceType_ID>
            <WS_WebServiceFieldOutput_UU>530ef24b-0482-418c-a741-f85caa673632</WS_WebServiceFieldOutput_UU>
        </WS_WebServiceFieldOutput>
        <WS_WebServiceFieldOutput type="table">
            <AD_Org_ID>0</AD_Org_ID>
            <AD_Column_ID reference="id">2893</AD_Column_ID>
            <IsActive>Y</IsActive>
            <WS_WebServiceType_ID reference="id">200005</WS_WebServiceType_ID>
            <WS_WebServiceFieldOutput_UU>e2b06bc8-1d69-4226-b94c-8a6f8cda4a78</WS_WebServiceFieldOutput_UU>
        </WS_WebServiceFieldOutput>
        <WS_WebServiceFieldOutput type="table">
            <AD_Org_ID>0</AD_Org_ID>
            <AD_Column_ID reference="id">12533</AD_Column_ID>
            <IsActive>Y</IsActive>
            <WS_WebServiceType_ID reference="id">200005</WS_WebServiceType_ID>
            <WS_WebServiceFieldOutput_UU>dc6aad5e-1815-4434-b24a-00d6223bfb1f</WS_WebServiceFieldOutput_UU>
        </WS_WebServiceFieldOutput>
        <WS_WebServiceTypeAccess type="table">
            <AD_Org_ID>0</AD_Org_ID>
            <AD_Role_ID reference="id">50004</AD_Role_ID>
            <WS_WebServiceType_ID reference="id">200005</WS_WebServiceType_ID>
            <IsActive>Y</IsActive>
            <IsReadWrite>Y</IsReadWrite>
            <WS_WebServiceTypeAccess_UU>d0665ac9-7ae8-4d27-a52e-06dd6d8da91e</WS_WebServiceTypeAccess_UU>
        </WS_WebServiceTypeAccess>
        <WS_WebServiceTypeAccess type="table">
            <AD_Org_ID>0</AD_Org_ID>
            <AD_Role_ID reference="id">102</AD_Role_ID>
            <WS_WebServiceType_ID reference="id">200005</WS_WebServiceType_ID>
            <IsActive>Y</IsActive>
            <IsReadWrite>Y</IsReadWrite>
            <WS_WebServiceTypeAccess_UU>29e1a69c-ef08-41a1-bab1-ea8d477e1ab5</WS_WebServiceTypeAccess_UU>
        </WS_WebServiceTypeAccess>
    </WS_WebServiceType>
</idempiere>
